<?xml version="1.0" encoding="UTF-8"?>
<beans xmlns="http://www.springframework.org/schema/beans"
	xmlns:xsi="http://www.w3.org/2001/XMLSchema-instance"
	xmlns:context="http://www.springframework.org/schema/context" 
	xmlns:aop="http://www.springframework.org/schema/aop" 
	xmlns:tx="http://www.springframework.org/schema/tx"
	xmlns:jee="http://www.springframework.org/schema/jee" 
	xsi:schemaLocation="http://www.springframework.org/schema/beans http://www.springframework.org/schema/beans/spring-beans.xsd
		http://www.springframework.org/schema/context http://www.springframework.org/schema/context/spring-context.xsd
        http://www.springframework.org/schema/tx http://www.springframework.org/schema/tx/spring-tx.xsd
        http://www.springframework.org/schema/aop http://www.springframework.org/schema/aop/spring-aop.xsd
        http://www.springframework.org/schema/jee http://www.springframework.org/schema/jee/spring-jee.xsd">
	
	<context:property-placeholder location="classpath:gone.properties" />
	<!-- J2EE environment's JNDI dataSource -->
    <jee:jndi-lookup id="GOneDataSource" jndi-name="${db.jndi.name}"/>
    
    <!-- <bean id="GOneDataSource" class="org.apache.commons.dbcp.BasicDataSource" destroy-method="close">
        <property name="driverClassName" value="${jdbc.driverClassName}"/>
        <property name="url" value="${jdbc.url}"/>
        <property name="username" value="${jdbc.user}"/>
        <property name="password" value="${jdbc.pass}"/>
    </bean> -->
    
    <!-- org.hibernate.dialect.MySQLInnoDBDialect -->
    <bean id="sessionFactory" class="org.springframework.orm.hibernate4.LocalSessionFactoryBean">
        <property name="dataSource" ref="GOneDataSource" />
        <property name="packagesToScan" value="org.ganjp.gone.**.model" />
		<property name="hibernateProperties">
			<props>
				<prop key="hibernate.dialect">${hibernate.dialect}</prop>
				<prop key="hibernate.show_sql">true</prop>
				<prop key="hibernate.hbm2ddl.auto">${hibernate.hbm2ddl.auto}</prop>
			</props>
        </property>
    </bean>
    
    <bean id="transactionManager" class="org.springframework.orm.hibernate4.HibernateTransactionManager">
        <property name="sessionFactory" ref="sessionFactory" />
    </bean>
    
    <!-- Instruct Spring to perform declarative transaction management automatically on annotated classes. -->
	<tx:annotation-driven transaction-manager="transactionManager" /> 
    
    <!-- auto scan spring component -->
	<context:component-scan base-package="org.ganjp.gone"> 
		<context:exclude-filter type="annotation" expression="org.springframework.stereotype.Controller" /> 
	</context:component-scan>
	
	<bean id="persistenceExceptionTranslationPostProcessor" class="org.springframework.dao.annotation.PersistenceExceptionTranslationPostProcessor" />
	
	<!-- CSRF protection. Here we only include the CsrfFilter instead of all of Spring Security. -->
	<bean id="csrfFilter" class="org.springframework.security.web.csrf.CsrfFilter">
		<constructor-arg>
			<bean class="org.springframework.security.web.csrf.HttpSessionCsrfTokenRepository"/>
		</constructor-arg>
	</bean>
	<!-- Provides automatic CSRF token inclusion when using Spring MVC Form tags or Thymeleaf.-->
	<bean id="requestDataValueProcessor" class="org.springframework.security.web.servlet.support.csrf.CsrfRequestDataValueProcessor"/>
</beans>
